MSE,SSIM
0.08637937903404236,0.22551470811535076
