MSE,SSIM
0.0820973813533783,0.22590722567711355
