MSE,SSIM
0.08426295220851898,0.2942953455404519
