MSE,SSIM
0.08810718357563019,0.18829826645964776
