MSE,SSIM
0.08625686168670654,0.19838081312766068
