MSE,SSIM
0.07944392412900925,0.07903968541395143
