MSE,SSIM
0.08765439689159393,0.24121587457542293
