mse,ssim
0.015976300463080406,0.757518569453935
