mse,ssim
0.03249210864305496,0.2882695061971615
