mse,ssim
0.014809271320700645,0.6196341794667273
