mse,ssim
0.012476512230932713,0.6941814189382313
