mse,ssim
0.013249278999865055,0.6147924465490064
