mse,ssim
0.013522252440452576,0.7888986288362052
