mse,ssim
0.022973831743001938,0.6074096032008948
