mse,ssim
0.012494666501879692,0.718007139829353
