mse,ssim
0.011377130635082722,0.8648149103132146
