mse,ssim
0.012471557594835758,0.768202126371551
