mse,ssim
0.016780290752649307,0.6337848958744059
