mse,ssim
0.019961126148700714,0.7481575046847805
