mse,ssim
0.010968374088406563,0.8158772813140853
