mse,ssim
0.024874765425920486,0.8818543025312661
