mse,ssim
0.012400517240166664,0.667680804537036
