mse,ssim
0.008246293291449547,0.7887150413272056
