mse,ssim
0.006848013494163752,0.9282544627169932
