mse,ssim
0.008102699182927608,0.5750465004527865
