mse,ssim
0.006077724043279886,0.8613521794149698
