mse,ssim
0.03619496896862984,0.45429900851566585
