mse,ssim
0.018483715131878853,0.5541675710744077
