mse,ssim
0.007762364111840725,0.6330001639088708
