mse,ssim
0.0174090713262558,0.6644804413408264
