mse,ssim
0.0232230294495821,0.47470638361693834
