mse,ssim
0.01278993021696806,0.4454583624396608
