mse,ssim
0.007420806679874659,0.8606055277315053
