mse,ssim
0.011680038645863533,0.6416712875089758
