mse,ssim
0.033381592482328415,0.4157127549718827
