mse,ssim
0.028745269402861595,0.3220395991615499
