mse,ssim
0.014093302190303802,0.5297710129248906
