mse,ssim
0.01689211092889309,0.4872754669696774
