mse,ssim
0.02168935351073742,0.6067316482874973
