mse,ssim
0.0180768221616745,0.2831439578573533
