mse,ssim
0.01894727721810341,0.5980508315986915
