mse,ssim
0.030755670741200447,0.45673168214009574
