mse,ssim
0.012119202874600887,0.7165323417818497
