mse,ssim
0.017245089635252953,0.5872355093610062
